State,Binary,Probability
0,000,0.125000
1,001,0.125000
2,010,0.125000
3,011,0.125000
4,100,0.125000
5,101,0.125000
6,110,0.125000
7,111,0.125000
